<?xml version="1.0"?>
<doc>
    <assembly>
        <name>CaseRelayAPI</name>
    </assembly>
    <members>
        <member name="T:CaseRelayAPI.Controllers.AuthController">
            <summary>
            Controller for managing authentication-related operations
            </summary>
        </member>
        <member name="M:CaseRelayAPI.Controllers.AuthController.Register(CaseRelayAPI.Dtos.UserRegistrationDto)">
            <summary>
            Registers a new user.
            </summary>
            <param name="request">The user registration details.</param>
            <returns>A message indicating the result of the registration.</returns>
        </member>
        <member name="M:CaseRelayAPI.Controllers.AuthController.Login(CaseRelayAPI.Dtos.UserLoginDto)">
            <summary>
            Authenticates a user and generates a JWT token.
            </summary>
            <param name="request">The user login details.</param>
            <returns>The JWT token and user details.</returns>
        </member>
        <member name="M:CaseRelayAPI.Controllers.AuthController.ForgotPassword(CaseRelayAPI.Dtos.ForgotPasswordDto)">
            <summary>
            Initiates the forgot password process.
            </summary>
            <param name="request">The forgot password request details.</param>
            <returns>A message indicating the result of the operation.</returns>
        </member>
        <member name="M:CaseRelayAPI.Controllers.AuthController.ResetPassword(CaseRelayAPI.Dtos.ResetPasswordDto)">
            <summary>
            Resets the user's password.
            </summary>
            <param name="request">The reset password request details.</param>
            <returns>A message indicating the result of the operation.</returns>
        </member>
        <member name="M:CaseRelayAPI.Controllers.AuthController.ChangePasscode(CaseRelayAPI.Dtos.ChangePasscodeDto)">
            <summary>
            Changes the user's passcode.
            </summary>
            <param name="request">The change passcode request details.</param>
            <returns>A message indicating the result of the operation.</returns>
        </member>
        <member name="M:CaseRelayAPI.Controllers.AuthController.UpdateProfile(CaseRelayAPI.Dtos.UserUpdateDto)">
            <summary>
            Updates the user's profile.
            </summary>
            <param name="request">The user profile update details.</param>
            <returns>A message indicating the result of the operation.</returns>
        </member>
        <member name="M:CaseRelayAPI.Controllers.AuthController.DeleteAccount">
            <summary>
            Deletes the user's account.
            </summary>
            <returns>A message indicating the result of the operation.</returns>
        </member>
        <member name="T:CaseRelayAPI.Controllers.CaseController">
            <summary>
            Controller for managing case-related operations
            </summary>
        </member>
        <member name="M:CaseRelayAPI.Controllers.CaseController.#ctor(CaseRelayAPI.Services.ICaseService,CaseRelayAPI.Services.ICloudinaryService,CaseRelayAPI.Data.ApplicationDbContext,Microsoft.Extensions.Logging.ILogger{CaseRelayAPI.Controllers.CaseController})">
            <summary>
            Initializes a new instance of the CaseController
            </summary>
        </member>
        <member name="M:CaseRelayAPI.Controllers.CaseController.GetCasesByUserId">
            <summary>
            Retrieves all cases for the logged-in user.
            </summary>
            <returns>A list of cases associated with the logged-in user.</returns>
        </member>
        <member name="M:CaseRelayAPI.Controllers.CaseController.GetCaseById(System.Int32)">
            <summary>
            Retrieves a case by its ID.
            </summary>
            <param name="caseId">The ID of the case.</param>
            <returns>The details of the case.</returns>
        </member>
        <member name="M:CaseRelayAPI.Controllers.CaseController.CreateCase(Case)">
            <summary>
            Creates a new case.
            </summary>
            <param name="newCase">The new case to create.</param>
            <returns>A message indicating the result of the operation.</returns>
        </member>
        <member name="M:CaseRelayAPI.Controllers.CaseController.ApproveCase(System.Int32)">
            <summary>
            Approves a case.
            </summary>
            <param name="caseId">The ID of the case to approve.</param>
            <returns>A message indicating the result of the operation.</returns>
        </member>
        <member name="M:CaseRelayAPI.Controllers.CaseController.UpdateCase(System.Int32,Case)">
            <summary>
            Updates a case.
            </summary>
            <param name="caseId">The ID of the case to update.</param>
            <param name="updatedCase">The updated case details.</param>
            <returns>A message indicating the result of the operation.</returns>
        </member>
        <member name="M:CaseRelayAPI.Controllers.CaseController.GetAllCases">
            <summary>
            Retrieves all cases.
            </summary>
            <returns>A list of all cases.</returns>
        </member>
        <member name="M:CaseRelayAPI.Controllers.CaseController.DeleteCase(System.Int32)">
            <summary>
            Deletes a case.
            </summary>
            <param name="caseId">The ID of the case to delete.</param>
            <returns>A message indicating the result of the operation.</returns>
        </member>
        <member name="M:CaseRelayAPI.Controllers.CaseController.HandoverCase(System.Int32,CaseRelayAPI.Models.CaseHandoverRequest)">
            <summary>
            Hands over a case to a new officer.
            </summary>
            <param name="caseId">The ID of the case to hand over.</param>
            <param name="request">The handover request details.</param>
            <returns>A message indicating the result of the operation.</returns>
        </member>
        <member name="M:CaseRelayAPI.Controllers.CaseController.AddDocument(System.Int32,Microsoft.AspNetCore.Http.IFormFile)">
            <summary>
            Adds a document to a case.
            </summary>
            <param name="caseId">The ID of the case.</param>
            <param name="file">The document file to add.</param>
            <returns>A message indicating the result of the operation.</returns>
        </member>
        <member name="M:CaseRelayAPI.Controllers.CaseController.AddComment(System.Int32,CaseComment)">
            <summary>
            Adds a comment to a case.
            </summary>
            <param name="caseId">The ID of the case.</param>
            <param name="newComment">The new comment to add.</param>
            <returns>The updated case details.</returns>
        </member>
        <member name="M:CaseRelayAPI.Controllers.CaseController.GetCaseByIdWithExtras(System.Int32)">
            <summary>
            Retrieves case details with additional information.
            </summary>
            <param name="caseId">The ID of the case.</param>
            <returns>The case details with additional information.</returns>
        </member>
        <member name="M:CaseRelayAPI.Controllers.CaseController.SearchCases(System.String)">
            <summary>
            Searches cases by keyword.
            </summary>
            <param name="keyword">The keyword to search for.</param>
            <returns>A list of cases matching the keyword.</returns>
        </member>
        <member name="M:CaseRelayAPI.Controllers.CaseController.GetCaseStatistics">
            <summary>
            Retrieves case statistics.
            </summary>
            <returns>The case statistics.</returns>
        </member>
        <member name="M:CaseRelayAPI.Controllers.CaseController.UpdateCaseStatus(System.Int32,CaseStatusUpdateRequest)">
            <summary>
            Updates the status of a case.
            </summary>
            <param name="caseId">The ID of the case.</param>
            <param name="request">The status update request details.</param>
            <returns>A message indicating the result of the operation.</returns>
        </member>
        <member name="M:CaseRelayAPI.Controllers.CaseController.AssignCaseToOfficer(System.Int32,CaseAssignmentRequest)">
            <summary>
            Assigns a case to an officer.
            </summary>
            <param name="caseId">The ID of the case.</param>
            <param name="request">The assignment request details.</param>
            <returns>A message indicating the result of the operation.</returns>
        </member>
        <member name="M:CaseRelayAPI.Controllers.ExampleController.GetExample">
            <summary>
            Gets an example item.
            </summary>
            <returns>An example item.</returns>
        </member>
        <member name="M:CaseRelayAPI.Controllers.ExampleController.CreateExample(System.Object)">
            <summary>
            Creates a new example item.
            </summary>
            <param name="example">The example item to create.</param>
            <returns>The created example item.</returns>
        </member>
        <member name="T:CaseRelayAPI.Controllers.UserController">
            <summary>
            Controller for managing user-related operations
            </summary>
        </member>
        <member name="M:CaseRelayAPI.Controllers.UserController.GetProfile">
            <summary>
            Gets the profile of the logged-in user.
            </summary>
            <returns>The profile of the logged-in user.</returns>
        </member>
        <member name="M:CaseRelayAPI.Controllers.UserController.GetUser(System.Int32)">
            <summary>
            Gets the profile of a user by user ID.
            </summary>
            <param name="userId">The ID of the user.</param>
            <returns>The profile of the user.</returns>
        </member>
        <member name="M:CaseRelayAPI.Controllers.UserController.GetCasesForUser(System.Int32)">
            <summary>
            Gets all cases associated with a user.
            </summary>
            <param name="userId">The ID of the user.</param>
            <returns>A list of cases associated with the user.</returns>
        </member>
        <member name="M:CaseRelayAPI.Controllers.UserController.UpdateProfile(CaseRelayAPI.Models.User)">
            <summary>
            Updates the profile of the logged-in user.
            </summary>
            <param name="user">The updated user profile.</param>
            <returns>The updated user profile.</returns>
        </member>
        <member name="M:CaseRelayAPI.Controllers.UserController.ChangeUserRole(System.Int32,System.String)">
            <summary>
            Changes the role of a user.
            </summary>
            <param name="userId">The ID of the user.</param>
            <param name="newRole">The new role for the user.</param>
            <returns>The updated user profile.</returns>
        </member>
        <member name="M:CaseRelayAPI.Controllers.UserController.PromoteToAdmin(System.Int32)">
            <summary>
            Promotes a user to admin.
            </summary>
            <param name="userId">The ID of the user.</param>
            <returns>The updated user profile.</returns>
        </member>
        <member name="M:CaseRelayAPI.Controllers.UserController.DeleteUser(System.Int32)">
            <summary>
            Deletes a user.
            </summary>
            <param name="userId">The ID of the user.</param>
            <returns>A message indicating the result of the operation.</returns>
        </member>
        <member name="M:CaseRelayAPI.Controllers.UserController.CreateUser(CaseRelayAPI.Models.User)">
            <summary>
            Creates a new user.
            </summary>
            <param name="newUser">The new user to create.</param>
            <returns>The created user profile.</returns>
        </member>
        <member name="T:CaseRelayAPI.Migrations.InitialMigration">
            <inheritdoc />
        </member>
        <member name="M:CaseRelayAPI.Migrations.InitialMigration.Up(Microsoft.EntityFrameworkCore.Migrations.MigrationBuilder)">
            <inheritdoc />
        </member>
        <member name="M:CaseRelayAPI.Migrations.InitialMigration.Down(Microsoft.EntityFrameworkCore.Migrations.MigrationBuilder)">
            <inheritdoc />
        </member>
        <member name="M:CaseRelayAPI.Migrations.InitialMigration.BuildTargetModel(Microsoft.EntityFrameworkCore.ModelBuilder)">
            <inheritdoc />
        </member>
        <member name="T:CaseRelayAPI.Migrations.UpdateUserModel">
            <inheritdoc />
        </member>
        <member name="M:CaseRelayAPI.Migrations.UpdateUserModel.Up(Microsoft.EntityFrameworkCore.Migrations.MigrationBuilder)">
            <inheritdoc />
        </member>
        <member name="M:CaseRelayAPI.Migrations.UpdateUserModel.Down(Microsoft.EntityFrameworkCore.Migrations.MigrationBuilder)">
            <inheritdoc />
        </member>
        <member name="M:CaseRelayAPI.Migrations.UpdateUserModel.BuildTargetModel(Microsoft.EntityFrameworkCore.ModelBuilder)">
            <inheritdoc />
        </member>
        <member name="T:CaseRelayAPI.Migrations.UpdateUserModel2">
            <inheritdoc />
        </member>
        <member name="M:CaseRelayAPI.Migrations.UpdateUserModel2.Up(Microsoft.EntityFrameworkCore.Migrations.MigrationBuilder)">
            <inheritdoc />
        </member>
        <member name="M:CaseRelayAPI.Migrations.UpdateUserModel2.Down(Microsoft.EntityFrameworkCore.Migrations.MigrationBuilder)">
            <inheritdoc />
        </member>
        <member name="M:CaseRelayAPI.Migrations.UpdateUserModel2.BuildTargetModel(Microsoft.EntityFrameworkCore.ModelBuilder)">
            <inheritdoc />
        </member>
        <member name="T:CaseRelayAPI.Migrations.latestNew">
            <inheritdoc />
        </member>
        <member name="M:CaseRelayAPI.Migrations.latestNew.Up(Microsoft.EntityFrameworkCore.Migrations.MigrationBuilder)">
            <inheritdoc />
        </member>
        <member name="M:CaseRelayAPI.Migrations.latestNew.Down(Microsoft.EntityFrameworkCore.Migrations.MigrationBuilder)">
            <inheritdoc />
        </member>
        <member name="M:CaseRelayAPI.Migrations.latestNew.BuildTargetModel(Microsoft.EntityFrameworkCore.ModelBuilder)">
            <inheritdoc />
        </member>
        <member name="T:CaseRelayAPI.Migrations.UpdateCaseModel">
            <inheritdoc />
        </member>
        <member name="M:CaseRelayAPI.Migrations.UpdateCaseModel.Up(Microsoft.EntityFrameworkCore.Migrations.MigrationBuilder)">
            <inheritdoc />
        </member>
        <member name="M:CaseRelayAPI.Migrations.UpdateCaseModel.Down(Microsoft.EntityFrameworkCore.Migrations.MigrationBuilder)">
            <inheritdoc />
        </member>
        <member name="M:CaseRelayAPI.Migrations.UpdateCaseModel.BuildTargetModel(Microsoft.EntityFrameworkCore.ModelBuilder)">
            <inheritdoc />
        </member>
        <member name="T:CaseRelayAPI.Migrations.LatestMigration">
            <inheritdoc />
        </member>
        <member name="M:CaseRelayAPI.Migrations.LatestMigration.Up(Microsoft.EntityFrameworkCore.Migrations.MigrationBuilder)">
            <inheritdoc />
        </member>
        <member name="M:CaseRelayAPI.Migrations.LatestMigration.Down(Microsoft.EntityFrameworkCore.Migrations.MigrationBuilder)">
            <inheritdoc />
        </member>
        <member name="M:CaseRelayAPI.Migrations.LatestMigration.BuildTargetModel(Microsoft.EntityFrameworkCore.ModelBuilder)">
            <inheritdoc />
        </member>
        <member name="T:CaseRelayAPI.Migrations.updateCase">
            <inheritdoc />
        </member>
        <member name="M:CaseRelayAPI.Migrations.updateCase.Up(Microsoft.EntityFrameworkCore.Migrations.MigrationBuilder)">
            <inheritdoc />
        </member>
        <member name="M:CaseRelayAPI.Migrations.updateCase.Down(Microsoft.EntityFrameworkCore.Migrations.MigrationBuilder)">
            <inheritdoc />
        </member>
        <member name="M:CaseRelayAPI.Migrations.updateCase.BuildTargetModel(Microsoft.EntityFrameworkCore.ModelBuilder)">
            <inheritdoc />
        </member>
        <member name="T:CaseRelayAPI.Migrations.InitialCreate">
            <inheritdoc />
        </member>
        <member name="M:CaseRelayAPI.Migrations.InitialCreate.Up(Microsoft.EntityFrameworkCore.Migrations.MigrationBuilder)">
            <inheritdoc />
        </member>
        <member name="M:CaseRelayAPI.Migrations.InitialCreate.Down(Microsoft.EntityFrameworkCore.Migrations.MigrationBuilder)">
            <inheritdoc />
        </member>
        <member name="M:CaseRelayAPI.Migrations.InitialCreate.BuildTargetModel(Microsoft.EntityFrameworkCore.ModelBuilder)">
            <inheritdoc />
        </member>
        <member name="T:CaseRelayAPI.Migrations.caseUpdate">
            <inheritdoc />
        </member>
        <member name="M:CaseRelayAPI.Migrations.caseUpdate.Up(Microsoft.EntityFrameworkCore.Migrations.MigrationBuilder)">
            <inheritdoc />
        </member>
        <member name="M:CaseRelayAPI.Migrations.caseUpdate.Down(Microsoft.EntityFrameworkCore.Migrations.MigrationBuilder)">
            <inheritdoc />
        </member>
        <member name="M:CaseRelayAPI.Migrations.caseUpdate.BuildTargetModel(Microsoft.EntityFrameworkCore.ModelBuilder)">
            <inheritdoc />
        </member>
        <member name="T:CaseRelayAPI.Migrations.RenameCaseCommentColumn">
            <inheritdoc />
        </member>
        <member name="M:CaseRelayAPI.Migrations.RenameCaseCommentColumn.Up(Microsoft.EntityFrameworkCore.Migrations.MigrationBuilder)">
            <inheritdoc />
        </member>
        <member name="M:CaseRelayAPI.Migrations.RenameCaseCommentColumn.Down(Microsoft.EntityFrameworkCore.Migrations.MigrationBuilder)">
            <inheritdoc />
        </member>
        <member name="M:CaseRelayAPI.Migrations.RenameCaseCommentColumn.BuildTargetModel(Microsoft.EntityFrameworkCore.ModelBuilder)">
            <inheritdoc />
        </member>
        <member name="T:CaseRelayAPI.Migrations.ChangedFromAuthorToAuthorId">
            <inheritdoc />
        </member>
        <member name="M:CaseRelayAPI.Migrations.ChangedFromAuthorToAuthorId.Up(Microsoft.EntityFrameworkCore.Migrations.MigrationBuilder)">
            <inheritdoc />
        </member>
        <member name="M:CaseRelayAPI.Migrations.ChangedFromAuthorToAuthorId.Down(Microsoft.EntityFrameworkCore.Migrations.MigrationBuilder)">
            <inheritdoc />
        </member>
        <member name="M:CaseRelayAPI.Migrations.ChangedFromAuthorToAuthorId.BuildTargetModel(Microsoft.EntityFrameworkCore.ModelBuilder)">
            <inheritdoc />
        </member>
        <member name="T:CaseRelayAPI.Migrations.UpdatedUserRp">
            <inheritdoc />
        </member>
        <member name="M:CaseRelayAPI.Migrations.UpdatedUserRp.Up(Microsoft.EntityFrameworkCore.Migrations.MigrationBuilder)">
            <inheritdoc />
        </member>
        <member name="M:CaseRelayAPI.Migrations.UpdatedUserRp.Down(Microsoft.EntityFrameworkCore.Migrations.MigrationBuilder)">
            <inheritdoc />
        </member>
        <member name="M:CaseRelayAPI.Migrations.UpdatedUserRp.BuildTargetModel(Microsoft.EntityFrameworkCore.ModelBuilder)">
            <inheritdoc />
        </member>
        <member name="T:CaseRelayAPI.Migrations.AddDefaultString">
            <inheritdoc />
        </member>
        <member name="M:CaseRelayAPI.Migrations.AddDefaultString.Up(Microsoft.EntityFrameworkCore.Migrations.MigrationBuilder)">
            <inheritdoc />
        </member>
        <member name="M:CaseRelayAPI.Migrations.AddDefaultString.Down(Microsoft.EntityFrameworkCore.Migrations.MigrationBuilder)">
            <inheritdoc />
        </member>
        <member name="M:CaseRelayAPI.Migrations.AddDefaultString.BuildTargetModel(Microsoft.EntityFrameworkCore.ModelBuilder)">
            <inheritdoc />
        </member>
        <member name="T:CaseRelayAPI.Migrations.UpdateOfficerIdToString">
            <inheritdoc />
        </member>
        <member name="M:CaseRelayAPI.Migrations.UpdateOfficerIdToString.Up(Microsoft.EntityFrameworkCore.Migrations.MigrationBuilder)">
            <inheritdoc />
        </member>
        <member name="M:CaseRelayAPI.Migrations.UpdateOfficerIdToString.Down(Microsoft.EntityFrameworkCore.Migrations.MigrationBuilder)">
            <inheritdoc />
        </member>
        <member name="M:CaseRelayAPI.Migrations.UpdateOfficerIdToString.BuildTargetModel(Microsoft.EntityFrameworkCore.ModelBuilder)">
            <inheritdoc />
        </member>
        <member name="T:CaseRelayAPI.Migrations.AddCaseAndRelatedEntities">
            <inheritdoc />
        </member>
        <member name="M:CaseRelayAPI.Migrations.AddCaseAndRelatedEntities.Up(Microsoft.EntityFrameworkCore.Migrations.MigrationBuilder)">
            <inheritdoc />
        </member>
        <member name="M:CaseRelayAPI.Migrations.AddCaseAndRelatedEntities.Down(Microsoft.EntityFrameworkCore.Migrations.MigrationBuilder)">
            <inheritdoc />
        </member>
        <member name="M:CaseRelayAPI.Migrations.AddCaseAndRelatedEntities.BuildTargetModel(Microsoft.EntityFrameworkCore.ModelBuilder)">
            <inheritdoc />
        </member>
        <member name="T:CaseRelayAPI.Migrations.AddCreatedByAndApprovalColumns">
            <inheritdoc />
        </member>
        <member name="M:CaseRelayAPI.Migrations.AddCreatedByAndApprovalColumns.Up(Microsoft.EntityFrameworkCore.Migrations.MigrationBuilder)">
            <inheritdoc />
        </member>
        <member name="M:CaseRelayAPI.Migrations.AddCreatedByAndApprovalColumns.Down(Microsoft.EntityFrameworkCore.Migrations.MigrationBuilder)">
            <inheritdoc />
        </member>
        <member name="M:CaseRelayAPI.Migrations.AddCreatedByAndApprovalColumns.BuildTargetModel(Microsoft.EntityFrameworkCore.ModelBuilder)">
            <inheritdoc />
        </member>
        <member name="T:CaseRelayAPI.Migrations.InitialCreateAdmin">
            <inheritdoc />
        </member>
        <member name="M:CaseRelayAPI.Migrations.InitialCreateAdmin.Up(Microsoft.EntityFrameworkCore.Migrations.MigrationBuilder)">
            <inheritdoc />
        </member>
        <member name="M:CaseRelayAPI.Migrations.InitialCreateAdmin.Down(Microsoft.EntityFrameworkCore.Migrations.MigrationBuilder)">
            <inheritdoc />
        </member>
        <member name="M:CaseRelayAPI.Migrations.InitialCreateAdmin.BuildTargetModel(Microsoft.EntityFrameworkCore.ModelBuilder)">
            <inheritdoc />
        </member>
        <member name="T:CaseRelayAPI.Migrations.InitialCreateDB">
            <inheritdoc />
        </member>
        <member name="M:CaseRelayAPI.Migrations.InitialCreateDB.Up(Microsoft.EntityFrameworkCore.Migrations.MigrationBuilder)">
            <inheritdoc />
        </member>
        <member name="M:CaseRelayAPI.Migrations.InitialCreateDB.Down(Microsoft.EntityFrameworkCore.Migrations.MigrationBuilder)">
            <inheritdoc />
        </member>
        <member name="M:CaseRelayAPI.Migrations.InitialCreateDB.BuildTargetModel(Microsoft.EntityFrameworkCore.ModelBuilder)">
            <inheritdoc />
        </member>
    </members>
</doc>
